"genome","seqid","Cas_id","feature","type","subtype","protein","start","end","strand","sequence"
"AAB-S01R1_122","AAB-S01R1_k55_36331_flag=0_multi=9.3604_len=28042","AAB-S01R1_k55_36331_flag=0_multi=9.3604_len=28042@CAS:1","Cas","CAS","CAS","cas3a_TypeI",5672,6802,"Forward","GTGAAGACCCTCACCGGACTTACCGAAATATTCTCTTGTGGCAGCGCAAGCCGAAATGCCTTGAACGAAGTCCAGAACCTCGCTCCGGTAGAGATCAGCGGTTTGAGCATTTTCGTGCTTGACGACAATCCGATCAATTTGCTATTGATGGGCAAGCTGCTCGCGAAAGCCGGATACATGAACGTCACCACGTCGGGTCAACCCGCGTCGGCCGAAAGCGAAATCGTTGCGCTAATGCCAGACCTGGTCATTCTCGACCTCAACATGCCAGTCGTCGACGGGTATGAGGTGCTGCGCCGAATTCGCGAGAATAGGGACATTCGGGGTTTCCTGCCGGTTCTTGTCTTTACCGCCGACGGCACAGGTGCGGCGCGGGGCAGAGCTCTAGAGTTAGGAGCATCCGACTTTCTTACGAAGCCGGGCGATCCCGACGAGATTCGGCTCCGAGTGCGCAACTTCCTCACTATGCGGTATTACCACCGCCAACTCGAAGACCAGAACGCGGCCCTGGAGGAGCGTGTGCAAGAGCGGACCAAGCGCCTGGTCGAGGCCCAACTCGAGATCGTATACCGCCTCGCGTTGGCGGGAGACTATCGGGACGACAGCACCGGCGAGCACTGCCGGCGGGTAGGCGATCTGTGCGGGGACGTTGCCTTGGCATACGGATTGGATCCTAAGTTTGCGGAGCTAATCCGCCTCGCTGCGCCGCTGCACGACATCGGAAAAGTCGGAATCTCGGACCTGATTCTAAACAAGCCGGGCCGGCTCACCGAGGAGGAGATGATCGCTATGCGGCTTCACACCGAATTAGGCGCCGGAATTCTGCGCAACAGCAAGAGCGAGATTTTGCAGATGGCCCACACCATTGCGGTGACGCACCACGAGCGTTGGGACGGAACCGGCTATTGCAAAAACTTGCAGGGCGATGCGATCCCGATCGAGGGGCGGATCGTTGCGGTTGCGGACGTATTTGACGCGCTCACCCACGTTCGCCCGTACAAGGAAGCCTGGTCCTTTGCCGATGCCCGCGACGAGATCGTCCGAGGCAGCGGAACCCAATTCGACCCAAAGGTGGTTGAGGCGTTTTTGGAGGTCGTCGGCGAATCAGAAGCGATGGCCGAAGCCGCGTAG"
"AAB-S01R1_122","AAB-S01R1_k55_2235575_flag=0_multi=10.5634_len=63182","AAB-S01R1_k55_2235575_flag=0_multi=10.5634_len=63182@CAS:1","Cas","CAS","CAS","cas3a_TypeI",53553,54590,"Forward","ATGCGGATCTTGGTGGTTGACGACGAGCCAACCAACCTGTTCCTCCTTGAGCGCGTGTTGACCAAGGCCGGCTTCACCGACCACATCTCGTGCCGCGATCCACGATCGGTCTGCGCGCTATGCACCGCTTACGAGCCGGATTTGATCGTGCTAGACCTGCATATGCCGGGCGTTAGCGGCGTCGACGTGCTTCACCAAATTCGCCCCTGGATGCGACGGAAGGGCTATTTGCCCGTCCTGGTTATCACCGCCGATAGCCGCCGGGAGCTTCGCGAAGAGGCCCTGCGGTGCGGCGCTCGGGACTTTCTCCTTCGGACGCTGGCGGACTTCGACGAGACCGAGGCCGTGCAACGCATTTCCAATCTGCTCGAAACGCGCCTGATGCAGTTGCAACTCGAGTATGCGAACGCGTCGCTCGAGCAGCGGATCCAAGAGCGAACCGCCCAGATTGAGGCCGCCCAAGTTGAAATCGTCAACCGCCTAGGCATGGCTTGCAACCTCCGCGACGACCAAACCGGCGAGCACATCATCCGGGTGGGCGATCTGTGTCGAGACATCGCAATCGAAATCGGGATCGACCGGGCGGAGGCCGAGCTAATCGGGTTCGCCGCACGGCTGCACGATATCGGCAAAATCGGTGTGGCCGACGACATCCTCCTCAAGCCCGGCAAACTTACGCAGGCCGAAATCGAAATCATGCGGCGTCACACGACGGTCGGCAGCGACCTGCTCGCCGGCGCCGATTCCCGACTGCTCTCCATTGCCCAAACGATCGCCCTGACCCATCACGAGCGCTGGGATGGCACCGGATACCCGTGCGGGCTCTTCGGTGAAGAAATCCCCGTTCCGGGAAGAATCTGCGCCGTGGCCGACGTGTTTGATTCCCTCACCAACGACCGGCCTTATAAGCACGCCTGGCCTAGTTGGGAGGCGATTGCGGAAATCCAACGCTGCCGAGGAACGCATTTCGACCCGGAAATCGTGGATGCGTTCCTGCGGTTGCAGGCGGATTCCGCGCCGCAGCGGCTCGCGGCTTAA"
"AAB-S01R1_122","AAB-S01R1_k55_9399631_flag=0_multi=9.8751_len=26518","AAB-S01R1_k55_9399631_flag=0_multi=9.8751_len=26518@CAS:1","Cas","TypeI","TypeIE","cas1_TypeIE",24075,24989,"Forward","ATGCCCGCGGATCTTCACCTGCTTCCAAAACTTCGGGACCGCCTGACGTACCTCTACGTCGAGCACGTTATTGTTGAGCGGGAGCAAAGCGCAATCGCCTTGTTCGACGAGCAGGGCAAAACGCAGATTCCGGTTGCCAGCATCGCACTCCTCATGCTTGGGCCTGGCACCAAGATCAGCCACTCCGCAATCGACGTGCTCGCTCGAAATAACTGCCTTGTGGCGTGGGTCGGTGAGGAAGCGGTGCGGATGTACGCCTTCGGAACCGGCGGCACCCATTCAGCCGCCAGGTTATTGCGCCAGGCGGAGCTGGTGAGCGATCCTCTCTCGCGACTCCGTATCGTCCGCAAGCTTTATGGCATGCGATTCCCGGAGGCGCTGGATGACGAGGTCACGATTGAGCAACTCCGCGGTAAGGAGGGCCATCGCGTTCGCAGCGCCTACGCGGAACTCGCGGCAAAGCACGGTATCGCGTGGGAGGGCCGAAGCTACGACCGCAACCGGTGGACTGGCGGCGACGCCCCAAACCGGGCGCTCTCGGCGGCTAACTCATGTCTCTACGGCGTTTGCCATGCGGCCCTCCTTTCGTTAGGGTTCAGCCCAGCACTTGGTTTCATCCACACGGGCAAGCAGCTAAGTTTCGTTTACGATGTGGCTGACCTATATAAGCTGGAGATGTCGGTGCCCATCGCGTTTGCGGCTGCTGCGGCGGGCGAGAAGGACATCGACCGCCGAGTTCGACTTAGTTTGCGAGACAAGTTCCGGGAAACTCGGTTCTTGGGCCAGGTAGCGCAAGATCTGATGAGCCTTTTTGGCGGAGAAATCCCGGAAGAGGAAATGGAGGCGTACGACGACGATCCGGCGCTGCCCTCCGAGCTGTGGGAGGGGCCGCACAATGACAGTTCTGGTGCTTAG"
"AAB-S01R1_122","AAB-S01R1_k55_9399631_flag=0_multi=9.8751_len=26518","AAB-S01R1_k55_9399631_flag=0_multi=9.8751_len=26518@CAS:1","Cas","TypeI","TypeIE","cas2_TypeIE",24970,25260,"Forward","ATGACAGTTCTGGTGCTTAGAACCGTGAAGCCCTCCTTGCGCGGCGAGCTTAGCCGCTGGATGGTGGAGTTCCAAGCCGGGGTTTTCGTCGGCAACCTGCCTGGCCGCGTGCGCGATCGGCTGTGGGATAGCATCGTGGCGGGATCGGCTAAGGGATCAGCCATCATGGTCCACACCGCACGGACTGAACAGGGCTACGCCGTTCGCGCGCATGGCGAGCCCGACCGACAGCCTGTGAACTTCGACGGCATCACCTTAATGCGATTCTCCGGCCACCACCAGCCGGAATAG"
"AAB-S01R1_122","AAB-S01R1_k55_9399631_flag=0_multi=9.8751_len=26518","AAB-S01R1_k55_9399631_flag=0_multi=9.8751_len=26518@CAS:1","Cas","TypeI","TypeIE","cas5_TypeIE",21742,22521,"Forward","ATGTTCTGCTCGACGCAGTCGAGCAAGAGGTCCTTCGTGCCTGAGTCGATTTTGGTCTTGCAACTTGAAGGTCCGATGCAGTCATGGGGATCTAGGTCGCGTTGGGATGTTCGCGACACCGGCCTCGAGCCAACGAAGTCGGGCGTCATTGGACTGCTCGGCTGCGCGATGGGGCTGAAAAGAGGAAGTGCCAGGCTTGAAGAGTTGGATAAACGCCTTCGGTTCGGCGTTCGCATCGATCGGCCAGGGGTCATTTCAACCGACTTTCATACTGTCAGCGGCTACCACCGGACGGCAGCGGGCGAGTTCAAGCACGGCGGGGGAACGTCGAAGAGTCTCGCCAAGGCTCAGGAGCACGACGAGTCGACGGTGGTCTCTCAGCGCGACTATTTGCATGACGCGGCATTTTTGGTTGCGCTTGAAGGGCCTAGCGATCTGGTCGCTGAAATTATCCTTGCGCTACTTTCGCCCGCTTGGCCGCTGTTTCTGGGCCGAAAAAGCTGTGTGCCTTCGCGCGCGATCGTGCCCCGGACAAGCGCCCATCCCACGATCGAGTCGACGCTGCGAAAAGAGGCCTGGCTAGCTCCACGGCATCATGGGGGCCGAGCGAATGCATCCAAATCGCCGCCTACACTCAGCGCCTACATCGAAGACAAGCTCGGCGAACTCGTAAGGCAGGATGCGCTGCGGATTAACAGCCTTCGGTCGTACGAATTCCGAAACTGCCGCTACCTCACCGTCCGCACGGAAGAGGAAGCCATAGCCTGGTGGATCGCATGA"
"AAB-S01R1_122","AAB-S01R1_k55_9399631_flag=0_multi=9.8751_len=26518","AAB-S01R1_k55_9399631_flag=0_multi=9.8751_len=26518@CAS:1","Cas","TypeI","TypeIE","cas6_TypeIE",22518,23228,"Forward","ATGAATGCTTACCTTTCGCGTTTAGTCTTAGACCCAAGGCACCCGCAGACCCGCAGCGAACTTGATCGGCCGTACGAGGTGCATCGCACGATTTCTCGAGCATTTGGAGACCTCAAAACTTCACGCGTTCTGTTTCGAGTCGAAGTAGATGATCCAAACAGACCGAAGGTGATTGTGCAGAGCCGAACCCAACCCGACTGGAGCGCCGTCAAGGAGCGGTCGCCGCATGTCTCCGCCTTTGACCACCGGTCGCTGACGCTCGCGGCGATGGCGGACGGCGACATTCTTCGTTTCCGGTTGCGTTGTCGGCCGTCGAAGCGAGTTTCGGCGGAAGGCAAAGTTGACGCCAATGGACGGTCCGTCGACGGACCCAGGGTCGTGCTCTCCGCACCGGCGGATATCTTGTCTTGGCTCGGCCGGAAGGCTGAATGCGCAGGGTTTACCGTCGCGGAGGTCGGCTTCCAGCGCGTTTATTGGCTTGACTCGCGAGCATCGACAGGTGAAAGGAGCCGTGGCGTGAGGAAGGACCGCACTCCGGTTGCCAACCGGCTCAAAGGGACCGCGGAGCCATTGCTTGGTGCCGTGCTATTTGACGGGACCCTTGTTGTAAGAAGCGCGGACGTGCTACGCAGTGCAGTTGAAGCGGGAGTTGGAGCCCAAAAGGCTTTCGGATTCGGACTGTTATCGCTTGCTCCGATCAGCCGAATCTAG"
"AAB-S01R1_122","AAB-S01R1_k55_9399631_flag=0_multi=9.8751_len=26518","AAB-S01R1_k55_9399631_flag=0_multi=9.8751_len=26518@CAS:1","Cas","TypeI","TypeIE","cas7_TypeIE",20604,21785,"Forward","ATGTTAATAGAGATACACATTTTGCAAAACCACGCCCCGAGCAACCTGAATCGGGACGACACTGGCAGCCCCAAAGAAGCTGTGTTCGGCGGCTTCAAGCGGGCTAGGATTTCGAGCCAATGCCTTAAGCGCAGCATCCGGAGGAGCGAACTCTTCCGGGATGAATTGTCCACTCAATTGGCTACGCGCACCCGAAGCCTGCCCGAACTCGTGCGGGCTCGGCTAACCGAGAAGGGTTTGAGCGCGGAAATGGCGGATATCGGCACCCAAAAGGCAAGCGGGTTCGGAACCGAGAAGGGCGAGGAAACCAAACCGAATGCGAGCGGCCACTATCGGACTAAGCAAACCATGTTTCTAACCGACACCGATGTTGAGGCGGTTGCCGAAATAGTTGCGAAGGCAGCACAAGCCGCCTCTTCGCCGGAAAAGTTGGAAAAGGTGTCGGCTAAGGATCTTCAAAAAGAGGCGGAGGATAAGGGGTTTCGGCCGATGGCGGTCGACGTCGCATTGTTCGGTCGCATGGTCACCAGCGAAGCATTTCTTGATGTGGAGGCGTCAAGCCAATTCGCGCATGCCATCAGCACTCACAAAATTGACCATGAGTTCGACTACTACACAGCTGTAGACGACCTTGAGCGTGCGGCAGACGACGACGCCGGAGGCGGCGCCGATATGATCGGGGACGTTGAATTCAACTCGGCCTGCTATTACAAGTATTTCAACGTACACGTCGAGGGCCTCATCGATAACCTGACGGGAAGATCCTTCAAGCGCGAGGTCACCGCTGCTGATGAGCAGGTTGCCCGGCAGACAGCCGGAAAGGCTGTTCGGGCGCTGGTTGAAGCTGCGTGCCGGGTGACGCCGAGCGGCAAGCAGAATTCGTTCGCAGCGCACCAGCCGCCGAGCCTCATTTGGGTTGAAGTGCGCGAGAAAAATCTGCCGGTTAGCTACGCCAACGCCTTTTGCGAGCCGGTTAGGGCGGACGGGCGAAACGGGCTCGAGCGTGCCTCGGCCGAAGCGCTCGCGACCGAGGTGCGAAATTTGGCGCGGATGTACGGCCTGGGCGCCTCCAAGCGGCTCCTGCTTTCCAAAGACGACGATTTCAAGATGCTGGACCAGAGCTCGGTCGCGAGCTTGAATGTTCTGCTCGACGCAGTCGAGCAAGAGGTCCTTCGTGCCTGA"
"AAB-S01R1_122","AAB-S01R1_k55_9399631_flag=0_multi=9.8751_len=26518","AAB-S01R1_k55_9399631_flag=0_multi=9.8751_len=26518@CAS:1","Cas","TypeI","TypeIE","cse1_TypeIE",18514,20019,"Forward","TTGACTCGGCTGAGCTTCGACGTATTGCAAGAGCCTTGGATTCCGGTTGTGCGCCTCGACGGCTCGACTGAGGAACTGGGAATTCTCCCTTGCTTGACTCGGGCCCACGAATTCCGCGAGATTCGAGACCCCTCGCCGATCGTTGAGTTCGGACTCAACCGGCTCTTGGTGGCATTTCTCTTGGACGAACTGATTTCGGAGGACGAGCGTCCCGCGAATTCGATTGACCTTAAGCGTTTGCTTGTGACCGGGCGATTCGATCAGGCCCGGCTTATCCGATACGCGGCGCACTGCGGCAGGGTGTTCGACTTGTTTGATGAGGGCAAACCGTTCCTCCAATGTCTGCTACCCGGCGGCTCGGCCAAGCCGCTTGCTGCGATGTACCCCGGCGTGCCGAGCGGAACAAATGTTGGGCTGTGGCATCACGTGCATGAAGACGATACAAGCGTCAGCCCGGCCGCGGCGGCCCGGATGCTGACGGCGATTGCGCCGTTTATGACCGAAGGCGGGCGGGGCCTCAGCCCTTCTATCAATGGAGCTCCACCCATCTACTGCCTCCCACTCGGCGTCAGCCTTTTTGAGACCCTCGTTATCAATCTGCCGACCGGGGTTGCCGAGGCCGATGCAGGCAAGGTGGCGTGGCGAGAACTGAGGGAGCCTGGCTCGGAGCGTACCGGCGCGACGACGGTTGAGGCTCTCACGTGGAGACCCAGGGCCGTACAGCTTATTCCTGGCGTGCAAGATGGCGCTCGCGTGGAGACTCGAAGCATCAAATTTGAGCGGGGCGACAGTACTCGTTTTGAGGGTTGGCGCGATCCCAATCTTGCCTACCGGTTTGATAAGGACAAGGTGACACCGATCCGCATGCGGGAAGGGAAACCGATTTGGCGAGACGCTGGGCCACTTGTGCTTCCACGTAGTGGTGAACACGGGACGGGGGACAGCAAAGCTGCCTTCACTTGCCCGGCAGCAGTCGAAACGGCCTTCGGAGTGCTTGACGGCGCGCAAGACATACAAATCAAGGTCTACGGCATCCGCACGGACAAGATGAAAGTGTTCGAATGGGCCGCGAGCTATCTGAGCGTGCCCGCAAACCTCGGTCGGTCCACTTCACTTGGGCGCATCGTTTACGGCGAGCTCGATCGCGCAGAGCGGGCCGCGTTTCAATTGCGCGTCGCGATTAGGGGTCTATACCCGCGAGAAGGCGCCGGTAATAAGTCTGCTATGGCCACTTCCAGTAATCGAGCAGAACGGGCCTACTGGCTCGGACTCGAGGCGCAATTCCATCCGCTAATGGAAAGGTTCGCGGCATTGCCGGAGGAGGCTGCGGAAGAACTGCAGACGATACTTTCTTCCGCAGAACCATGGCGCGACGCGATCAAGGGTATCGGTGAGCAGCAATTTGAACTGGTCGCTCGCGATATGGATGCGGATGGCGACGCCATAGAGCGCTCGGTCCGAGCGCGAGGGCGATTTCGGAGTTCGTTGAGGAAGATTTTGGAATGA"
"AAB-S01R1_122","AAB-S01R1_k55_9399631_flag=0_multi=9.8751_len=26518","AAB-S01R1_k55_9399631_flag=0_multi=9.8751_len=26518@CAS:2","Cas","CAS","CAS","cas2_TypeIE",24970,25260,"Forward","ATGACAGTTCTGGTGCTTAGAACCGTGAAGCCCTCCTTGCGCGGCGAGCTTAGCCGCTGGATGGTGGAGTTCCAAGCCGGGGTTTTCGTCGGCAACCTGCCTGGCCGCGTGCGCGATCGGCTGTGGGATAGCATCGTGGCGGGATCGGCTAAGGGATCAGCCATCATGGTCCACACCGCACGGACTGAACAGGGCTACGCCGTTCGCGCGCATGGCGAGCCCGACCGACAGCCTGTGAACTTCGACGGCATCACCTTAATGCGATTCTCCGGCCACCACCAGCCGGAATAG"
"AAB-S01R1_122","AAB-S01R1_k55_9399631_flag=0_multi=9.8751_len=26518","AAB-S01R1_k55_9399631_flag=0_multi=9.8751_len=26518@CAS:2","Cas","CAS","CAS","cas3_TypeI",16028,18517,"Forward","ATGTTTGATGCTTCGGCGGTCTCGCTCGCCCTTCCGAACCCGCTAGAGCGGTTGGGGTGGCAGCCCGAGCTTGTCGCCCTGTTTGTCGGGCTTCATGACGTTGGCAAGGCCGACCCGCATTTCCAGTTCAATGTCCTCGGAATGGGATCGGAGCCGGCGAAGAACGGTTTCGGCGAGCCTGATTTGAGTGCCAGGGGCGGCCTCGAATCCCGCCACGAGCGGCACAGCCGGGATTTTATTCGTTGCTGGCTCTCAGGGACCGGCGTTGATGAACAGACGGTTGAAACGCTTGCCCAGGCCATTGGTTGGCACCACGCGAGATGGCATGCCGACGCCCTAGCCCCGATCGCCTGTGGCTTGAAGCACAAGCCCGCCTATCTGGAAGCACGTGAGAGTCTGCTTGGCCAGCTAATTGATGTGCTCGGGCTTGAACAAGTGGATATTCCGACCCCCGATCACCACGGAGTCCTCGGGATGAGGCTTTCCGGCCACGTCGTTCTCTGCGACTGGATTGCCAGTAATCCGACGGTCTTTCAGCCTCCCCTCGGCGATTCCTCCGACAACCCCGAGGACTATTTTCGGGCCGCCAGGACCGAGGCGGAGCGCGCGGTAAGCGGCCTGGAACTCGGTGCCACTGGGGATTCGATCAACCCCAAAGATCTTATCCCAGAAGGCTTCGCAGCTCGGCCCCTTCAACAATCGGTTCTTGATTTCCCGCCCCCTCCGGGTCTCGTGATTGTCGAAGCCCCAATGGGTGAGGGCAAAACCGAAGCGGCTTGGATGATCGTCGAACAGTGGAGGAGGGCCGGTGCCGTTACTGGCGCATACATGGCACTCCCGACGATGGCCACGAGCGACAGTCTCTATAGGCGATATGTTTCGGATTACCTCGATAAGCATTCCGGCGACCAGCGGCCAAGACTCATCCATGGGATGGCGTGGTTAAGGGACGACAACGAGCCCGGCTCACCTCCGGCGCTTACACAGGAGGACCGGGACGCGGCGTACGTGGCAGATTCATGGTTTCGACCGACACGTAAGGCCATGCTCGCGCAGCACGGAATTGGGACGGTAGACCAGGCGATGCTTGCGGCGATGAATGCGAAGTTCTCGTTCCTTCGGCTTTACGGGCTGGCAAGTAAGGCCCTGATAATTGATGAGGTCCACGCATACGACGCCTACATGGGCGCCATATTGAAACGGCTACTCGCTTGGTGCGCGGCGCTAGAGATCCCAGTCATTTTGCTTTCGGCCACCCTTTCGTCGGGCCAGCGAAGGGAAATGCTTGAGGCCTACGGGGCAGTTGGGGCCGACCCGGGCGCTGATGCGCCTTACCCGCTCATGACGACAGCCACGGTGGGACATCCTCCGGCCTATCGAGAGTTGGGGCACGATGCGACGCGGGAAATCACGGTGACCTTTCACTTGCACGTCGGCGCACTTGAAGAAGCGACACAGACCGCTCGACTTGCTGAGAGTCTCACGGCAACGGGTGGATGCTGCTGCGTGATCCTCAACACGGTCAGGCAAGCTCAAGCCGTTTATGCGGCGTTAGGCCTGCCAAAGAATGAGAGGACGCTATTCCACGCGCGCTTCAAATTTGAGGATCGCGAGAGGCTCGCCGAGGGTGTACTCGCTAAGTTCGGCAAAGATCGGGCAAGGCGACCGCATCGCCATGTTGTGGTTGCAACTCAAGTTGTTGAGCAGAGCCTCGACGTGGATTTCGACTTCATGGTTACGCAAGTCGCTCCGGTTGACCTCCTCCTGCAGCGGTGCGGCCGGTTGCATCGGCACCAGCGCAGGGTCTACCCGCCAGAGCTGCACGTGCTTATGCCGGTAGAAGGATGCACGGACCTCGGAGGAACCGGCTACGTCTACGCGGGTAAGCCGCTCCTTAGGACACTCGGGATCTTGAGCGTTGCCGCCCAGGCGCGGCTGCCGCAAGACTTCAGAGAACTCGTCGAGCGATGCTACGGCGTCGAGGAGTGGGAACAATCTGCGGTCCCCTGGGAAGACATCAGGAAGGCTGACGAGAAGTGGGTTACCGATAACGCGCTCCTGGAAGGGGACGGCCGGCAATATGCATATCAGCCGCCGAGCAAGCGTGCGTTCGTACCCGTGAATACTGATCCGACTGGCGACGACAATGACGACGGGACGGGCTGGCGCGCTAAGACGCGGCATGGCGCGACCGATCGCACCGCGATGCTCGTAACGCCCGAAGAGGCGATCCGGTTCAAGCGAGGTGAACTGCGAATGCCCGAAGTTAGGCGGCTTTATCGAAGGGCGGTAAAGGTTGCTTGTTACCTGCCGCTCGATAGACCCTCGGAGGGCTATTCTCGTGCGATCAGTGCTGAGGGCAAGTTACGCGGGCTCCTGCTCATACCTGTCGGCCAAGACGGAGTCTGGCGTGGTACCGATTTGAAGGGTATCGCGTACACAGTCGGATACGACGACGAGCTTGGTCTTCTTGCCGGGAGGGCGGCTTGA"
"AAB-S01R1_122","AAB-S01R1_k55_9399631_flag=0_multi=9.8751_len=26518","AAB-S01R1_k55_9399631_flag=0_multi=9.8751_len=26518@CAS:2","Cas","CAS","CAS","cas5_TypeIE",21742,22521,"Forward","ATGTTCTGCTCGACGCAGTCGAGCAAGAGGTCCTTCGTGCCTGAGTCGATTTTGGTCTTGCAACTTGAAGGTCCGATGCAGTCATGGGGATCTAGGTCGCGTTGGGATGTTCGCGACACCGGCCTCGAGCCAACGAAGTCGGGCGTCATTGGACTGCTCGGCTGCGCGATGGGGCTGAAAAGAGGAAGTGCCAGGCTTGAAGAGTTGGATAAACGCCTTCGGTTCGGCGTTCGCATCGATCGGCCAGGGGTCATTTCAACCGACTTTCATACTGTCAGCGGCTACCACCGGACGGCAGCGGGCGAGTTCAAGCACGGCGGGGGAACGTCGAAGAGTCTCGCCAAGGCTCAGGAGCACGACGAGTCGACGGTGGTCTCTCAGCGCGACTATTTGCATGACGCGGCATTTTTGGTTGCGCTTGAAGGGCCTAGCGATCTGGTCGCTGAAATTATCCTTGCGCTACTTTCGCCCGCTTGGCCGCTGTTTCTGGGCCGAAAAAGCTGTGTGCCTTCGCGCGCGATCGTGCCCCGGACAAGCGCCCATCCCACGATCGAGTCGACGCTGCGAAAAGAGGCCTGGCTAGCTCCACGGCATCATGGGGGCCGAGCGAATGCATCCAAATCGCCGCCTACACTCAGCGCCTACATCGAAGACAAGCTCGGCGAACTCGTAAGGCAGGATGCGCTGCGGATTAACAGCCTTCGGTCGTACGAATTCCGAAACTGCCGCTACCTCACCGTCCGCACGGAAGAGGAAGCCATAGCCTGGTGGATCGCATGA"
"AAB-S01R1_122","AAB-S01R1_k55_9399631_flag=0_multi=9.8751_len=26518","AAB-S01R1_k55_9399631_flag=0_multi=9.8751_len=26518@CAS:2","Cas","CAS","CAS","cas6_TypeIE",22518,23228,"Forward","ATGAATGCTTACCTTTCGCGTTTAGTCTTAGACCCAAGGCACCCGCAGACCCGCAGCGAACTTGATCGGCCGTACGAGGTGCATCGCACGATTTCTCGAGCATTTGGAGACCTCAAAACTTCACGCGTTCTGTTTCGAGTCGAAGTAGATGATCCAAACAGACCGAAGGTGATTGTGCAGAGCCGAACCCAACCCGACTGGAGCGCCGTCAAGGAGCGGTCGCCGCATGTCTCCGCCTTTGACCACCGGTCGCTGACGCTCGCGGCGATGGCGGACGGCGACATTCTTCGTTTCCGGTTGCGTTGTCGGCCGTCGAAGCGAGTTTCGGCGGAAGGCAAAGTTGACGCCAATGGACGGTCCGTCGACGGACCCAGGGTCGTGCTCTCCGCACCGGCGGATATCTTGTCTTGGCTCGGCCGGAAGGCTGAATGCGCAGGGTTTACCGTCGCGGAGGTCGGCTTCCAGCGCGTTTATTGGCTTGACTCGCGAGCATCGACAGGTGAAAGGAGCCGTGGCGTGAGGAAGGACCGCACTCCGGTTGCCAACCGGCTCAAAGGGACCGCGGAGCCATTGCTTGGTGCCGTGCTATTTGACGGGACCCTTGTTGTAAGAAGCGCGGACGTGCTACGCAGTGCAGTTGAAGCGGGAGTTGGAGCCCAAAAGGCTTTCGGATTCGGACTGTTATCGCTTGCTCCGATCAGCCGAATCTAG"
"AAB-S01R1_122","AAB-S01R1_k55_9399631_flag=0_multi=9.8751_len=26518","AAB-S01R1_k55_9399631_flag=0_multi=9.8751_len=26518@CAS:2","Cas","CAS","CAS","cas7_TypeIE",20604,21785,"Forward","ATGTTAATAGAGATACACATTTTGCAAAACCACGCCCCGAGCAACCTGAATCGGGACGACACTGGCAGCCCCAAAGAAGCTGTGTTCGGCGGCTTCAAGCGGGCTAGGATTTCGAGCCAATGCCTTAAGCGCAGCATCCGGAGGAGCGAACTCTTCCGGGATGAATTGTCCACTCAATTGGCTACGCGCACCCGAAGCCTGCCCGAACTCGTGCGGGCTCGGCTAACCGAGAAGGGTTTGAGCGCGGAAATGGCGGATATCGGCACCCAAAAGGCAAGCGGGTTCGGAACCGAGAAGGGCGAGGAAACCAAACCGAATGCGAGCGGCCACTATCGGACTAAGCAAACCATGTTTCTAACCGACACCGATGTTGAGGCGGTTGCCGAAATAGTTGCGAAGGCAGCACAAGCCGCCTCTTCGCCGGAAAAGTTGGAAAAGGTGTCGGCTAAGGATCTTCAAAAAGAGGCGGAGGATAAGGGGTTTCGGCCGATGGCGGTCGACGTCGCATTGTTCGGTCGCATGGTCACCAGCGAAGCATTTCTTGATGTGGAGGCGTCAAGCCAATTCGCGCATGCCATCAGCACTCACAAAATTGACCATGAGTTCGACTACTACACAGCTGTAGACGACCTTGAGCGTGCGGCAGACGACGACGCCGGAGGCGGCGCCGATATGATCGGGGACGTTGAATTCAACTCGGCCTGCTATTACAAGTATTTCAACGTACACGTCGAGGGCCTCATCGATAACCTGACGGGAAGATCCTTCAAGCGCGAGGTCACCGCTGCTGATGAGCAGGTTGCCCGGCAGACAGCCGGAAAGGCTGTTCGGGCGCTGGTTGAAGCTGCGTGCCGGGTGACGCCGAGCGGCAAGCAGAATTCGTTCGCAGCGCACCAGCCGCCGAGCCTCATTTGGGTTGAAGTGCGCGAGAAAAATCTGCCGGTTAGCTACGCCAACGCCTTTTGCGAGCCGGTTAGGGCGGACGGGCGAAACGGGCTCGAGCGTGCCTCGGCCGAAGCGCTCGCGACCGAGGTGCGAAATTTGGCGCGGATGTACGGCCTGGGCGCCTCCAAGCGGCTCCTGCTTTCCAAAGACGACGATTTCAAGATGCTGGACCAGAGCTCGGTCGCGAGCTTGAATGTTCTGCTCGACGCAGTCGAGCAAGAGGTCCTTCGTGCCTGA"
"AAB-S01R1_122","AAB-S01R1_k55_9399631_flag=0_multi=9.8751_len=26518","AAB-S01R1_k55_9399631_flag=0_multi=9.8751_len=26518@CAS:2","Cas","CAS","CAS","cse1_TypeIE",18514,20019,"Forward","TTGACTCGGCTGAGCTTCGACGTATTGCAAGAGCCTTGGATTCCGGTTGTGCGCCTCGACGGCTCGACTGAGGAACTGGGAATTCTCCCTTGCTTGACTCGGGCCCACGAATTCCGCGAGATTCGAGACCCCTCGCCGATCGTTGAGTTCGGACTCAACCGGCTCTTGGTGGCATTTCTCTTGGACGAACTGATTTCGGAGGACGAGCGTCCCGCGAATTCGATTGACCTTAAGCGTTTGCTTGTGACCGGGCGATTCGATCAGGCCCGGCTTATCCGATACGCGGCGCACTGCGGCAGGGTGTTCGACTTGTTTGATGAGGGCAAACCGTTCCTCCAATGTCTGCTACCCGGCGGCTCGGCCAAGCCGCTTGCTGCGATGTACCCCGGCGTGCCGAGCGGAACAAATGTTGGGCTGTGGCATCACGTGCATGAAGACGATACAAGCGTCAGCCCGGCCGCGGCGGCCCGGATGCTGACGGCGATTGCGCCGTTTATGACCGAAGGCGGGCGGGGCCTCAGCCCTTCTATCAATGGAGCTCCACCCATCTACTGCCTCCCACTCGGCGTCAGCCTTTTTGAGACCCTCGTTATCAATCTGCCGACCGGGGTTGCCGAGGCCGATGCAGGCAAGGTGGCGTGGCGAGAACTGAGGGAGCCTGGCTCGGAGCGTACCGGCGCGACGACGGTTGAGGCTCTCACGTGGAGACCCAGGGCCGTACAGCTTATTCCTGGCGTGCAAGATGGCGCTCGCGTGGAGACTCGAAGCATCAAATTTGAGCGGGGCGACAGTACTCGTTTTGAGGGTTGGCGCGATCCCAATCTTGCCTACCGGTTTGATAAGGACAAGGTGACACCGATCCGCATGCGGGAAGGGAAACCGATTTGGCGAGACGCTGGGCCACTTGTGCTTCCACGTAGTGGTGAACACGGGACGGGGGACAGCAAAGCTGCCTTCACTTGCCCGGCAGCAGTCGAAACGGCCTTCGGAGTGCTTGACGGCGCGCAAGACATACAAATCAAGGTCTACGGCATCCGCACGGACAAGATGAAAGTGTTCGAATGGGCCGCGAGCTATCTGAGCGTGCCCGCAAACCTCGGTCGGTCCACTTCACTTGGGCGCATCGTTTACGGCGAGCTCGATCGCGCAGAGCGGGCCGCGTTTCAATTGCGCGTCGCGATTAGGGGTCTATACCCGCGAGAAGGCGCCGGTAATAAGTCTGCTATGGCCACTTCCAGTAATCGAGCAGAACGGGCCTACTGGCTCGGACTCGAGGCGCAATTCCATCCGCTAATGGAAAGGTTCGCGGCATTGCCGGAGGAGGCTGCGGAAGAACTGCAGACGATACTTTCTTCCGCAGAACCATGGCGCGACGCGATCAAGGGTATCGGTGAGCAGCAATTTGAACTGGTCGCTCGCGATATGGATGCGGATGGCGACGCCATAGAGCGCTCGGTCCGAGCGCGAGGGCGATTTCGGAGTTCGTTGAGGAAGATTTTGGAATGA"
